AADHAR_NUMBER,NAME,AGE,NUMBER_OF_CONVICTIONS
123456789012,John Doe,35,2
234567890123,Jane Smith,28,1
345678901234,Robert Brown,42,3
456789012345,Emily Davis,30,1
567890123456,Michael Wilson,50,4
678901234567,Jessica Johnson,25,1
789012345678,David Lee,38,2
890123456789,Sarah White,33,1
901234567890,James Harris,45,3
112345678901,Laura Clark,29,1
223456789012,Daniel Lewis,40,2
334567890123,Amy Walker,27,1
445678901234,Matthew Hall,36,2
556789012345,Olivia Allen,31,1
667890123456,Christopher Young,48,3
778901234567,Emma King,26,1
889012345678,Joshua Wright,39,2
990123456789,Isabella Scott,34,1
101234567890,Andrew Green,41,3
212345678901,Chloe Adams,32,1
323456789012,Joseph Baker,37,2
434567890123,Grace Nelson,28,1
545678901234,Samuel Carter,44,3
656789012345,Victoria Mitchell,30,1
767890123456,Anthony Perez,49,4
878901234567,Abigail Roberts,25,1
989012345678,Alexander Turner,35,2
109123456789,Charlotte Phillips,33,1
210234567890,Jacob Campbell,42,3
321345678901,Elizabeth Parker,29,1
432456789012,Henry Evans,38,2
543567890123,Sophia Edwards,27,1
654678901234,Jackson Collins,45,3
765789012345,Mia Stewart,31,1
876890123456,Lucas Morris,40,2
987901234567,Ella Rogers,26,1
198012345678,William Reed,36,2
209123456789,Ava Cook,34,1
310234567890,Logan Morgan,41,3
421345678901,Harper Bell,32,1
532456789012,Jayden Murphy,37,2
643567890123,Aria Bailey,28,1
754678901234,Benjamin Rivera,44,3
865789012345,Evelyn Cooper,30,1
976890123456,Jack Richardson,48,3
187901234567,Lily Cox,25,1
298012345678,Michael Howard,39,2
309123456789,Zoe Ward,33,1
410234567890,Daniel Torres,41,3
521345678901,Emily Peterson,32,1