VISITOR_NAME,PHONE_NUMBER,PRISONER_ID,DATE,TIME
Alice Johnson,9876543210,1,2023-01-15,10:00
Bob Smith,8765432109,2,2023-01-16,11:00
Charlie Brown,7654321098,3,2023-01-17,12:00
David Wilson,6543210987,4,2023-01-18,13:00
Eve Davis,5432109876,5,2023-01-19,14:00
Frank Miller,4321098765,6,2023-01-20,15:00
Grace Lee,3210987654,7,2023-01-21,16:00
Hannah White,2109876543,8,2023-01-22,17:00
Ian Harris,1098765432,9,2023-01-23,18:00
Jack Clark,1987654321,10,2023-01-24,09:00
Karen Lewis,2987654321,11,2023-01-25,10:00
Liam Walker,3987654321,12,2023-01-26,11:00
Mia Allen,4987654321,13,2023-01-27,12:00
Noah Young,5987654321,14,2023-01-28,13:00
Olivia King,6987654321,15,2023-01-29,14:00
Paul Wright,7987654321,16,2023-01-30,15:00
Quinn Scott,8987654321,17,2023-01-31,16:00
Rachel Adams,9987654321,18,2023-02-01,17:00
Sam Baker,8976543210,19,2023-02-02,18:00
Tina Nelson,7965432109,20,2023-02-03,09:00
Uma Carter,6954321098,1,2023-02-04,10:00
Victor Mitchell,5943210987,2,2023-02-05,11:00
Wendy Perez,4932109876,3,2023-02-06,12:00
Xander Roberts,3921098765,4,2023-02-07,13:00
Yara Turner,2910987654,5,2023-02-08,14:00
Zane Phillips,1909876543,6,2023-02-09,15:00
Amy Evans,8909876543,7,2023-02-10,16:00
Brian Collins,7898765432,8,2023-02-11,17:00
Chloe Stewart,6887654321,9,2023-02-12,18:00
Dylan Morris,5876543210,10,2023-02-13,09:00
Ella Rogers,4865432109,11,2023-02-14,10:00
Finn Reed,3854321098,12,2023-02-15,11:00
Gina Cook,2843210987,13,2023-02-16,12:00
Harry Bell,1832109876,14,2023-02-17,13:00
Ivy Murphy,9821098765,15,2023-02-18,14:00
Jake Bailey,8810987654,16,2023-02-19,15:00
Kara Rivera,7809876543,17,2023-02-20,16:00
Leo Cooper,6798765432,18,2023-02-21,17:00
Maya Richardson,5787654321,19,2023-02-22,18:00
Nate Cox,4776543210,20,2023-02-23,09:00
Olive Howard,3765432109,1,2023-02-24,10:00
Pete Ward,2754321098,2,2023-02-25,11:00
Quincy Torres,1743210987,3,2023-02-26,12:00
Rita Peterson,9732109876,4,2023-02-27,13:00
Steve Gray,8721098765,5,2023-02-28,14:00
Tara Ramirez,7710987654,6,2023-03-01,15:00
Umar James,6709876543,7,2023-03-02,16:00
Vera Watson,5698765432,8,2023-03-03,17:00
Will Brooks,4687654321,9,2023-03-04,18:00
Xena Kelly,3676543210,10,2023-03-05,09:00
Yusuf Sanders,2665432109,11,2023-03-06,10:00
Zara Price,1654321098,12,2023-03-07,11:00
Adam Bennett,9643210987,13,2023-03-08,12:00
Bella Wood,8632109876,14,2023-03-09,13:00
Carl Hughes,7621098765,15,2023-03-10,14:00
Dana Foster,6610987654,16,2023-03-11,15:00
Eli Simmons,5609876543,17,2023-03-12,16:00
Faye Bryant,4598765432,18,2023-03-13,17:00
Gabe Alexander,3587654321,19,2023-03-14,18:00
Holly Russell,2576543210,20,2023-03-15,09:00
Ian Griffin,1565432109,1,2023-03-16,10:00
Jill Hayes,9554321098,2,2023-03-17,11:00
Kyle Myers,8543210987,3,2023-03-18,12:00
Lana Ford,7532109876,4,2023-03-19,13:00
Mark Hamilton,6521098765,5,2023-03-20,14:00
Nina Graham,5510987654,6,2023-03-21,15:00
Owen Fisher,4509876543,7,2023-03-22,16:00
Paula Wallace,3498765432,8,2023-03-23,17:00
Quinn Stone,2487654321,9,2023-03-24,18:00
Ruth Holland,1476543210,10,2023-03-25,09:00
Sam Knight,9465432109,11,2023-03-26,10:00
Tina Bishop,8454321098,12,2023-03-27,11:00
Umar Watts,7443210987,13,2023-03-28,12:00
Vera Hart,6432109876,14,2023-03-29,13:00
Will Lane,5421098765,15,2023-03-30,14:00
Xena Neal,4410987654,16,2023-03-31,15:00
Yusuf Craig,3409876543,17,2023-04-01,16:00
Zara Blake,2398765432,18,2023-04-02,17:00
Adam Gibbs,1387654321,19,2023-04-03,18:00
Bella Shaw,9376543210,20,2023-04-04,09:00
Carl Dean,8365432109,1,2023-04-05,10:00
Dana Lowe,7354321098,2,2023-04-06,11:00
Eli Hunt,6343210987,3,2023-04-07,12:00
Faye Cross,5332109876,4,2023-04-08,13:00
Gabe Nash,4321098765,5,2023-04-09,14:00
Holly Tate,3310987654,6,2023-04-10,15:00
Ian Moss,2309876543,7,2023-04-11,16:00
Jill Pope,1298765432,8,2023-04-12,17:00
Kyle Ray,9287654321,9,2023-04-13,18:00
Lana Webb,8276543210,10,2023-04-14,09:00
Mark Fox,7265432109,11,2023-04-15,10:00