STAFF_ID,PASSWORD
1,ef92b778bafe771e89245b89ecbc08a44a4e166c06659911881f383d4473e94f
2,52bc47f80b6fe698e9a14327e1bb7ddfa39a21740c8c7017329f3ec555a3bcf6
3,e9b51d58ad710c1dd16db704d6210a728f4dd4e2d060dfe3fa7113bb77ea6023
4,2f9df69d9d96d245e3b4cd427994bc3ce79a0b436ab918beb73e1a6e8dbf07ef
5,c9fe425514b387acb18e2a498a06f0a9148ece9cf0ae1c22ffc12a52207865a6
6,8d5e12a0ad7d57ab7f696f9edba3e40528debe1decbb5304aa126be22a609ea0
7,a40d6be592256cd541bb37f69fea7633d43eaad7d9869d0cd626f3abb6a03629
8,3dc1950fa41f0f527e8280ae775268ffc33011a4d4a2806086e7aaa503f51b6a
9,7be125c1d38e9816dbc740c3be7667969f9ec8ed1addfaeece8991572cb327bc
10,96af125f0adcf26e7de1771393e2b7e7e72765f994a7217e9369cd3b37846c90
11,a8e07147bc397eb785477372c17d4704271880c938996a4e7e9e099f1d3760b5
12,4cf6c2490fe28403007307d54500c05d3e75d73caf3cf7f7f62281edadb97548
13,0ba513726da43cc92df2139e936ca5ad6f449ab52d4ba6e77390852bac7c863c
14,7574483997dd946dc29259c81e9dbf190396b92370d92b125f7a8f94c012222e
15,279b5ac510843845b2f80eec9d1d45825f5fd0c06124f62d2c46351e48b3c592
16,3e25d6d5e7c7f2b649bd8d4483ff4cc8977b1c4be0cbea4520aa0df4e868cb5d
17,85cff79c130f3f24c4d602a29df1784714b0f0d789a140fbf2dff0866ba55f0c
18,6e8fce5c0a3268dc49d91ff9f036cd3ec1ec1f8c6d0f743c4cd480cd6d583cfa
19,e72a65761c30a50a6726617c49456451eb7b98bc99676e4df5fbd02955b6df84
20,2e2f3b80ac7e20dc87560edd4cd7393bff87c0f3e151696b230f7d31ce1c403b
